{
    "tabs": {
        "00": {
            "tab_id": "00",
            "cwd": "/data/chats/8732b427f6d847649ac217c1d419f9af/workspace/shadcn-ui",
            "observer": {
                "block": "Terminal",
                "uuid": "643ae248-7e1c-4ef0-b7e7-a366d21e4e91",
                "enable_llm_stream": false,
                "callback_url": ""
            },
            "shell_command": [
                "bash"
            ],
            "command_terminator": "\n"
        }
    },
    "current_tab_id": "00",
    "forbidden_commands": {
        "run preview": "Use Deployer.deploy_to_public instead.",
        "serve ": "Use Deployer.deploy_to_public instead.",
        "python -m http.server": "Use python -u -m http.server port_number instead."
    },
    "timeout": 300.0,
    "working_dir": "/workspace"
}